,Predicted Price
0,2089122.5
1,678810.0
2,2333320.0
3,747785.0
4,2156980.0
5,454557.0
6,649498.0
7,1235035.0
8,859888.3333333335
9,1622110.0
10,1151925.0
11,1704420.0
12,1293970.0
13,546010.0
14,722679.0
15,548410.0
16,2768305.0
17,1365320.0
18,1875170.0
19,952425.01
20,708935.0
21,1574945.0
22,927690.0
23,694085.0
24,718320.0
25,1209460.0
26,2710410.0
27,1247470.0
28,623395.0
29,1685530.0
30,386404.5
31,724875.0
32,1130540.0
33,1458015.0
34,510728.76
35,935520.0
36,2287560.52
37,681695.0
38,2126140.0
39,1695788.333333333
40,647720.0
41,770185.0
42,453505.0
43,1612065.0
44,1130120.0
45,770772.1666666665
46,814040.0
47,901752.0
48,457630.0
49,2113700.0
50,516082.5
51,767165.0
52,2940890.0
53,1366025.0
54,1214695.0
55,593315.0
56,431075.0
57,1103662.5
58,2046700.0
59,1057505.0
60,788365.0
61,733577.5
62,1114577.99
63,1669461.6666666665
64,876785.0
65,1816630.0
66,1248230.0
67,1598664.0
68,463555.0
69,451990.0
70,2042173.0
71,504863.65
72,981950.0
73,438095.0
74,394655.0
75,647912.64
76,3329170.0
77,709915.0
78,1203395.0
79,430470.0
80,992660.52
81,637835.0
82,1062380.0
83,1009180.0
84,1332930.0
85,1682110.0
86,752901.0
87,1423675.0
88,1237700.0
89,1622696.666666667
90,1449505.0
91,1118710.0
92,543750.0
93,823215.0
94,860945.0
95,261570.0
96,343822.0
97,765570.0
98,748720.0
99,911400.0
100,1192700.0
101,1125835.0
102,630090.0
103,930319.97
104,447245.0
105,898170.0
106,716425.0
107,769195.0
108,602537.0
109,2362540.0
110,2657370.0
111,1027185.0
112,626192.5
113,652820.0
114,787370.0
115,1954030.0
116,984085.0
117,977670.0
118,691837.0
119,630140.0
120,890878.0
121,779315.0
122,1735670.0
123,583700.0
124,624248.3333333334
125,786714.0
126,589580.0
127,768290.0
128,1394350.0
129,1516410.0
130,1397130.0
131,540385.0
132,664677.5
133,833050.0
134,1652000.0
135,592100.0
136,668094.0
137,1254770.0
138,684149.0
139,745655.0
140,444049.0
141,1721206.6666666665
142,919557.0
143,633570.0
144,1401385.0
145,1107345.52
146,865295.0
147,886145.0
148,897635.0
149,1224850.0
150,608920.0
151,1050315.0
152,1007375.0
153,922401.84
154,892105.0
155,974435.0
156,1061255.0
157,653233.0
158,965174.0
159,589445.0
160,1336290.0
161,971345.0
162,708830.0
163,1013080.0
164,431923.0
165,871320.0
166,499647.5
167,919235.0
168,1532410.0
169,500152.0
170,957565.0
171,1370470.0
172,757285.0
173,1067880.0
174,747540.0
175,481223.0
176,846910.0
177,1419365.0
178,1132460.0
179,553510.0
180,1042480.0
181,857055.0
182,1471908.0
183,710905.0
184,1232427.0
185,353420.0
186,730297.5
187,910120.0
188,655500.0
189,1857260.0
190,773055.0
191,653090.0
192,609623.75
193,480354.0
194,1763585.0
195,472486.0
196,318395.0
197,509520.0
198,1505300.0
199,699460.0
200,680420.0
201,1159719.29
202,939700.0
203,2327070.0
204,1002210.0
205,1646845.0
206,1181850.0
207,1031440.0
208,939380.0
209,759875.0
210,657255.0
211,315409.0
212,1068024.98
213,1234030.0
214,871315.0
215,469375.0
216,918400.0
217,722155.0
218,736030.0
219,888675.0
220,787145.0
221,704515.0
222,610727.5
223,718970.0
224,565575.0
225,873536.0
226,660612.5
227,653745.0
228,1989200.0
229,420750.0
230,584145.0
231,688950.0
232,1713270.0
233,924715.0
234,639295.0
235,892265.0
236,2622100.0
237,1777170.0
238,530185.0
239,1969474.0
240,523423.0
241,853965.0
242,1807955.0
243,992417.0
244,575289.5
245,1514495.0
246,1251870.0
247,2214090.0
248,943175.0
249,573800.0
250,706560.0
251,531905.0
252,712790.0
253,2038775.0
254,736755.0
255,1273005.0
256,1608870.0
257,673355.0
258,1121430.0
259,709295.0
260,662070.0
261,763050.0
262,2349040.0
263,886675.0
264,800922.76
265,1568735.0
266,707715.0
267,847445.01
268,1052920.0
269,1380154.0
270,593280.0
271,1221623.88
272,1081670.0
273,1456515.0
274,729740.0
275,1033290.0
276,503501.0
277,971865.01
278,500485.0
279,1171995.0
280,1331395.0
281,1416180.0
282,961238.47
283,553575.0
284,754495.0
285,340935.0
286,1980430.0
287,674969.0
288,438047.5
289,1983980.0
290,2507450.0
291,1020600.0
292,809730.17
293,564110.0
294,735281.0
295,633575.0
296,1756650.0
297,563525.0
298,992430.0
299,789090.0
300,596770.0
301,2050810.0
302,735610.0
303,595045.0
304,1336880.0
305,1049630.0
306,492810.0
307,880575.0
308,525715.0
309,929098.0
310,540130.0
311,924595.0
312,566525.0
313,737990.0
314,563877.5
315,1192260.0
316,913150.0
317,1166595.0
318,930522.5
319,1790755.0
320,1292335.0
321,1518840.0
322,706630.0
323,1254865.0
324,685805.0
325,1555772.0
326,798950.0
327,560570.0
328,1056295.0
329,879124.6666666665
330,463660.5
331,572835.0
332,1594855.0
333,460853.3333333334
334,833485.0
335,807325.51
336,1437880.0
337,1393500.0
338,1034180.0
339,1816015.0
340,1689180.0
341,1429410.0
342,413922.5
343,456260.0
344,401022.5
345,1091350.0
346,1085435.0
347,495695.0
348,851205.0
349,1246940.0
350,646510.0
351,585100.0
352,825680.0
353,1509687.0
354,989440.0
355,1455480.0
356,1399381.6666666665
357,1089726.0
358,991286.6666666667
359,1546396.88
360,915635.0
361,703062.5
362,416585.0
363,1093830.0
364,1380155.0
365,1700938.0
366,670945.0
367,1527180.0
368,879820.0
369,622535.0
370,2690110.0
371,531070.0
372,1245845.0
373,655057.5
374,982790.0
375,473786.0
376,1623250.0
377,1458920.0
378,563747.0
379,2137490.0
380,1840675.0
381,607660.0
382,1189125.0
383,888425.0
384,376455.0
385,1187510.0
386,862210.0
387,902955.0
388,2014385.0
389,822895.0
390,487200.0
391,694054.0
392,357155.01
393,826695.0
394,1456020.0
395,759820.0
396,1123749.99
397,1566190.0
398,1778010.0
399,596080.0
400,860596.48
401,553250.52
402,1082414.0
403,538410.0
404,641575.0
405,1402780.0
406,2183255.0
407,1767325.0
408,1349065.0
409,1035905.73
410,802895.0
411,739945.0
412,724590.1666666665
413,875730.0
414,573185.0
415,625147.0
416,2097800.0
417,1175045.0
418,813648.0
419,806630.0
420,878635.0
421,1128770.0
422,688150.0
423,2661220.0
424,1394098.88
425,1555195.36
426,417195.0
427,894680.0
428,578555.0
429,2125985.0
430,616180.0
431,808970.0
432,881755.0
433,823529.0
434,829840.0
435,828045.0
436,843733.3333333335
437,1126835.0
438,1582943.88
439,1298450.0
440,1252175.0
441,1536045.0
442,1474785.0
443,556875.0
444,2355130.0
445,1156575.0
446,1610720.0
447,935715.0
448,1213790.0
449,580405.0
450,1036495.0
451,1353110.0
452,1891565.0
453,814060.0
454,1129460.0
455,3058910.0
456,676758.0
457,664485.0
458,2409210.0
459,520025.0
460,735065.0
461,748875.0
462,1155164.0
463,1240700.0
464,1219995.0
465,917875.0
466,736755.0
467,1260105.0
468,778090.0
469,1495610.0
470,810125.0
471,1218745.0
472,1251330.0
473,1159185.0
474,1276060.0
475,1899960.0
476,2233460.0
477,747265.0
478,2416840.0
479,1414560.0
480,2445050.0
481,909855.0
482,552375.0
483,1048985.0
484,585200.0
485,2208750.0
486,871875.0
487,919725.0
488,592818.5
489,725422.6666666665
490,992298.0
491,451821.0
492,1198365.0
493,1710080.0
494,802620.0
495,2706620.0
496,1308400.0
497,1824521.0
498,369640.0
499,1262120.0
500,805087.5
501,1408235.0
502,796056.98
503,252610.0
504,887010.0
505,1100235.0
506,831730.0
507,1006715.0
508,692215.0
509,1148060.0
510,1308500.0
511,1084085.0
512,642665.0
513,858090.0
514,795375.0
515,1794270.0
516,1385800.0
517,772800.0
518,564995.0
519,1652880.0
520,550867.0
521,1037220.0
522,1306000.0
523,1344300.0
524,771606.0
525,909266.0
526,1600480.0
527,768002.0
528,923095.0
529,715394.5
530,1873141.0
531,1272530.0
532,735865.0
533,724050.0
534,684810.0
535,2026649.0
536,603455.0
537,840340.0
538,2177370.0
539,2915160.0
540,960190.0
541,582771.1
542,1787529.0
543,700000.0
544,595685.0
545,717590.0
546,612525.0
547,456950.0
548,1419460.0
549,3220470.0
550,673900.0
551,991030.0
552,368525.0
553,455285.0
554,985804.9999999999
555,678205.0
556,536170.0
557,1035770.0
558,1060225.0
559,1872080.0
560,1712873.3333333335
561,878800.0
562,2104833.3333333335
563,1171065.0
564,1317800.0
565,633607.5
566,1180890.0
567,1707140.0
568,406930.0
569,2162020.0
570,1189775.0
571,960230.0
572,1252190.0
573,596550.0
574,835650.0
575,746627.0
576,765912.5
577,719200.0
578,1127675.0
579,614855.0
580,964750.0
581,3252480.0
582,446814.1666666666
583,1907868.0
584,863203.0
585,1288763.0
586,2101930.0
587,1461480.0
588,698535.0
589,437450.0
590,550550.0
591,1730000.0
592,699135.0
593,1210863.88
594,1195695.0
595,1106040.0
596,1022540.0
597,1126900.0
598,907080.0
599,1501818.88
600,1234065.0
601,1263290.0
602,402195.0
603,772495.0
604,811315.0
605,635536.6666666667
606,558220.0
607,1477090.1
608,1228320.0
609,1504660.0
610,1142160.0
611,1513372.0
612,1558260.0
613,536935.0
614,1938638.88
615,688786.48
616,618949.84
617,2234190.0
618,1185490.0
619,1372935.0
620,1332390.0
621,1251635.0
622,1386920.0
623,1102921.0
624,795200.0
625,1869945.0
626,395290.0
627,332050.0
628,1408830.0
629,1394334.76
630,847000.0
631,1263500.0
632,384830.0
633,2275226.0
634,2059790.0
635,924550.0
636,482085.0
637,934185.01
638,981580.0
639,692530.0
640,872165.0
641,1708830.0
642,651070.0
643,1104800.0
644,794735.0
645,735995.0
646,725990.0
647,854800.0
648,455807.14285714284
649,475155.0
650,746343.5
651,922010.0
652,943957.0
653,3597350.0
654,565750.0
655,2235312.0
656,978900.0
657,1570380.0
658,1018125.08
659,2756345.0
660,1058050.0
661,463862.5
662,1468715.0
663,310748.0
664,1526470.0
665,905920.0
666,865420.0
667,722067.0
668,1267725.0
669,1384130.0
670,927790.0
671,862610.0
672,1001260.0
673,1369751.0
674,571760.0
675,1422708.0
676,993830.0
677,1773510.0
678,1435185.52
679,848455.0
680,2098230.0
681,1350660.0
682,1991290.0
683,1344792.0
684,1757610.0
685,337940.0
686,1557465.0
687,1498600.0
688,696581.5
689,917177.5
690,1382129.0
691,586355.0
692,1024605.0
693,999560.0
694,925323.3333333333
695,842794.0
696,532870.0
697,505625.8
698,661615.0
699,1434065.0
700,830660.0
701,1284000.0
702,1713150.0
703,602990.0
704,879540.0
705,616065.0
706,731580.0
707,550515.0
708,1109730.0
709,801860.0
710,749265.0
711,1118580.01
712,1283525.0
713,914170.0
714,1236870.0
715,679963.0
716,822875.0
717,1516485.0
718,1953050.0
719,1401630.0
720,874884.0
721,1108355.0
722,833430.0
723,1082890.0
724,559215.0
725,816935.0
726,429650.0
727,771250.0
728,3177160.0
729,1278220.0
730,3037860.0
731,791240.0
732,1244840.0
733,410370.8333333334
734,1001155.0
735,538745.0
736,700405.0
737,602605.0
738,2058190.0
739,548630.0
740,1283870.0
741,1561790.0
742,1569325.0
743,643955.0
744,1076235.0
745,2050250.0
746,1018030.0
747,697040.0
748,1257230.0
749,1412188.0
750,627200.0
751,1289190.0
752,1771840.0
753,1961666.0
754,1676755.0
755,1470310.0
756,636470.0
757,529415.5
758,1284785.0
759,556050.0
760,667395.08
761,432486.0
762,521950.0
763,686824.0
764,410117.5
765,1438160.0
766,820585.0
767,646160.0
768,456782.5
769,1506020.0
770,673026.0
771,672670.0
772,1414480.0
773,938265.0
774,585395.0
775,731593.5
776,446551.6666666666
777,1911015.0
778,2374045.0
779,499257.5
780,459345.0
781,898565.0
782,1463760.5
783,1170230.0
784,1674137.5
785,1430500.0
786,1595440.0
787,1345086.666666667
788,761930.0
789,1707195.0
790,1199070.0
791,952370.0
792,408645.0
793,857010.0
794,1638165.0
795,1730760.0
796,1422730.0
797,826845.0
798,3185215.0
799,2511900.0
800,944855.0
801,626117.5
802,850095.0
803,921490.0
804,1071195.0
805,1376278.47
806,2156580.0
807,1073605.0
808,1139760.07
809,1017195.0
810,2617545.0
811,579990.0
812,1499245.0
813,709900.0
814,543140.0
815,749590.0
816,1186535.0
817,648800.0
818,643910.24
819,1435368.88
820,793690.0
821,639130.0
822,1235980.0
823,935290.0
824,1371550.0
825,649380.0
826,778883.0
827,1890670.0
828,706546.6666666665
829,531730.0
830,249885.8333333333
831,673656.0
832,961230.0
833,637830.0
834,372807.5
835,754100.0
836,427805.0
837,287492.0
838,900485.0
839,619105.0
840,2461140.0
841,928755.0
842,742415.0
843,874846.0
844,1815178.0
845,930150.0
846,1121862.5
847,925335.0
848,1054785.0
849,949560.0
850,1509475.0
851,1713115.0
852,1604370.0
853,1006624.94
854,1276375.0
855,672430.0
856,549060.0
857,1227395.0
858,438607.5
859,1618660.0
860,841300.0
861,477106.6
862,411730.0
863,766218.3333333335
864,1295225.0
865,956450.0
866,513495.0
867,1619650.0
868,1100605.0
869,526453.75
870,539635.0
871,1482908.0
872,1135710.0
873,747640.0
874,1184235.0
875,2534950.0
876,1154900.0
877,342562.5
878,1152973.0
879,1345775.0
880,675216.6666666665
881,392818.0
882,1532104.0
883,387558.94
884,620786.6666666666
885,829166.0
886,1534460.0
887,783778.3333333335
888,908234.99
889,677085.0
890,2235585.0
891,1045140.0
892,978220.0
893,539675.0
894,536055.0
895,480875.0
896,737597.49
897,1942590.0
898,1786756.6666666665
899,1813355.0
900,1510570.0
901,1301650.0
902,728060.0
903,2040020.0
904,674795.0
905,667378.3333333334
906,2394395.0
907,461234.0
908,1343595.0
909,676985.17
910,1370850.0
911,786825.0
912,1207720.0
913,533780.0
914,357200.0
915,1984880.0
916,442057.5
917,225245.0
918,1308075.0
919,1346130.0
920,1355980.0
921,1077765.0
922,1447665.01
923,1416875.0
924,697775.0
925,1200595.0
926,952255.0
927,1558407.76
928,1567440.0
929,1380285.0
930,447377.76
931,1389510.0
932,313195.0
933,798183.3333333335
934,480845.0
935,380259.1666666666
936,2276950.0
937,1356700.0
938,2053390.0
939,515741.6666666666
940,1365543.0
941,903940.0
942,1315735.0
943,847860.0
944,1308055.0
945,1272585.0
946,1631275.0
947,624068.35
948,582930.0
949,1155773.0
950,1294100.0
951,2301970.0
952,1068240.8333333335
953,644962.0
954,996405.0
955,2521060.0
956,608375.0
957,285093.0
958,449265.0
959,1864155.0
960,646395.0
961,943723.3333333333
962,780825.0
963,1000855.0
964,803616.6666666667
965,455905.0
966,1076230.0
967,910735.0
968,752210.0
969,956191.0
970,462018.0
971,494356.0
972,586138.0
973,1431820.0
974,1532800.0
975,575450.0
976,707161.0
977,610030.0
978,981680.0
979,1723955.0
980,1259145.0
981,2477040.0
982,1908450.0
983,729497.5
984,908355.0
985,1154490.0
986,761217.5
987,1279750.0
988,933944.0
989,2463830.0
990,715715.0
991,709269.0
992,2086760.0
993,1208740.0
994,709150.5
995,718430.0
996,1338460.0
997,1230750.0
998,558681.8
999,698811.0
1000,556149.0
1001,492700.0
1002,1059130.0
1003,1129795.0
1004,703170.0
1005,1448555.2
1006,564294.04
1007,765685.0
1008,688050.0
1009,1997770.0
1010,1527550.0
1011,1049235.0
1012,1720140.0
1013,566560.0
1014,815104.98
1015,1461930.0
1016,1428235.0
1017,1289254.0
1018,1159325.0
1019,861445.0
1020,1917300.0
1021,1228650.0
1022,954890.0
1023,1030290.0
1024,635810.0
1025,991130.0
1026,854033.3333333333
1027,803305.0
1028,885645.0
1029,297415.0
1030,489996.0
1031,874164.0
1032,1014620.0
1033,865350.0
1034,293470.0
1035,977191.0
1036,677580.0
1037,1047990.0
1038,869030.0
1039,1255280.0
1040,618970.0
1041,1668120.0
1042,1235947.0
1043,1162645.0
1044,975563.0
1045,899130.0
1046,822100.0
1047,1064455.0
1048,549520.0
1049,578235.0
1050,772065.0
1051,909880.0
1052,501330.0
1053,1020770.0
1054,1806215.0
1055,1142650.0
1056,843125.0
1057,682166.0
1058,471210.0
1059,1122990.0
1060,1572570.0
1061,1233970.0
1062,1166568.88
1063,787219.99
1064,367158.33333333326
1065,497960.0
1066,839250.0
1067,378446.0
1068,525260.0
1069,1062055.0
1070,696710.0
1071,642075.0
1072,1459795.0
1073,1328300.0
1074,822415.0
1075,410620.0
1076,746395.0
1077,693625.0
1078,925915.0
1079,1207180.0
1080,1015560.0
1081,602068.3333333334
1082,780530.0
1083,892485.0
1084,1121465.0
1085,1683705.0
1086,316185.0
1087,927195.0
1088,1070475.0
1089,491192.5
1090,792715.0
1091,867105.0
1092,587470.0
1093,537135.0
1094,620450.0
1095,683130.0
1096,1100795.0
1097,1110065.0
1098,583095.0
1099,906093.36
1100,767950.01
1101,962735.0
1102,1289820.0
1103,799765.05
1104,437405.0
1105,846245.17
1106,1754490.0
1107,1427685.0
1108,1103628.0
1109,566941.0
1110,505385.0
1111,829885.0
1112,1696255.0
1113,1010285.0
1114,555660.0
1115,894890.0
1116,1281580.0
1117,621365.0
1118,576346.0
1119,1659660.0
1120,1254515.0
1121,1376730.0
1122,929675.0
1123,1357370.0
1124,655885.0
1125,1357692.0
1126,1849260.0
1127,729920.0
1128,1393695.0
1129,1166995.0
1130,1020115.0
1131,1248150.0
1132,1008857.92
1133,1189900.0
1134,700235.0
1135,891890.0
1136,1001155.0
1137,513465.0
1138,860570.0
1139,673905.0
1140,804029.0
1141,851340.0
1142,1904970.0
1143,1579911.0
1144,1953395.0
1145,495385.0
1146,485309.0
1147,1299123.0
1148,1002260.0
1149,1448340.0
1150,1099865.0
1151,731355.9
1152,598680.0
1153,629619.1666666667
1154,1381915.0
1155,722314.98
1156,581810.0
1157,1335890.0
1158,421626.76666666666
1159,384247.14285714284
1160,555565.0
1161,630120.0
1162,935970.0
1163,2507415.0
1164,724120.0
1165,2233270.0
1166,998240.0
1167,958098.3333333333
1168,831925.0
1169,1287785.0
1170,458172.5
1171,1293955.0
1172,608280.0
1173,2301490.0
1174,329615.0
1175,768205.0
1176,708495.0
1177,1297023.0
1178,676475.0
1179,582620.0
1180,1450040.0
1181,612130.0
1182,626680.0
1183,974400.0
1184,926130.0
1185,578535.0
1186,1087940.0
1187,351400.0
1188,1265795.0
1189,2350640.0
1190,1329905.0
1191,497067.5
1192,1292770.0
1193,723075.0
1194,1186535.0
1195,672107.0
1196,722705.0
1197,1536083.0
1198,722535.0
1199,906095.0
1200,477645.0
1201,1075290.0
1202,722208.0
1203,1183255.0
1204,959670.0
1205,1475280.0
1206,393334.0
1207,1666345.0
1208,2824508.88
1209,1625565.0
1210,1356485.0
1211,886735.0
1212,3239280.0
1213,1433160.0
1214,719114.25
1215,1307370.0
1216,2907860.0
1217,720685.0
1218,531588.28
1219,1542693.88
1220,440025.0
1221,1696345.0
1222,828575.0
1223,714175.0
1224,1083305.0
1225,435218.0
1226,828955.0
1227,1018405.0
1228,1735220.0
1229,1461785.0
1230,1163790.0
1231,370340.0
1232,843082.4999999999
1233,720780.0
1234,1390370.0
1235,2099640.0
1236,1204505.0
1237,773555.17
1238,944275.0
1239,844930.0
1240,1249510.0
1241,758270.0
1242,933825.0
1243,1849636.6666666665
1244,721975.0
1245,919335.0
1246,894250.0
1247,677376.5
1248,1122284.0
1249,1198060.0
1250,1034175.0
1251,1460133.0
1252,1536188.0
1253,834349.0
1254,584480.0
1255,2326940.0
1256,1424885.0
1257,1087920.0
1258,1100930.0
1259,1721140.0
1260,866350.0
1261,711130.0
1262,1696510.0
1263,988673.0
1264,1007498.0
1265,824765.8333333335
1266,568070.0
1267,690175.0
1268,1486633.0
1269,995880.0
1270,550885.0
1271,411502.0
1272,493125.0
1273,356405.0
1274,1611589.0
1275,1597076.0
1276,1519620.0
1277,674630.0
1278,558885.0
1279,787835.0
1280,569080.0
1281,1136720.0
1282,612200.0
1283,1549180.0
1284,1274165.0
1285,918291.6666666665
1286,987039.82
1287,1038800.0
1288,3258800.0
1289,1005210.99
1290,808445.0
1291,721130.0
1292,1076815.0
1293,1089340.0
1294,837817.0
1295,768030.0
1296,448913.0
1297,840389.0
1298,1428136.88
1299,1519465.0
1300,684255.0
1301,953906.62
1302,1013040.0
1303,527675.0
1304,485570.26
1305,346218.44
1306,836770.0
1307,794990.0
1308,921740.0
1309,1038790.0
1310,1570555.0
1311,1032275.0
1312,718840.0
1313,287949.1666666667
1314,488660.0
1315,533425.0
1316,490701.0
1317,942594.1428571428
1318,967310.0
1319,567300.2
1320,1141595.0
1321,894745.0
1322,814840.0
1323,522325.0
1324,352846.0
1325,2465490.0
1326,1179585.0
1327,756601.0
1328,1837275.0
1329,1686390.0
1330,586620.0
1331,848300.0
1332,794610.0
1333,1337165.0
1334,2233965.0
1335,1088445.0
1336,2306190.0
1337,565265.0
1338,888670.0
1339,654930.0
1340,1393530.7142857143
1341,429410.0
1342,1616975.0
1343,632715.0
1344,832765.0
1345,625210.0
1346,600305.0
1347,1162630.0
1348,1078040.0
1349,751634.0
1350,1990120.0
1351,1008030.0
1352,1065455.0
1353,751100.0
1354,694350.0
1355,1540688.88
1356,993791.0
1357,689230.0
1358,1609058.0
1359,2939210.0
1360,856735.0
1361,814627.5
1362,1603443.3333333335
1363,507580.0
1364,878420.0
1365,1047910.0
1366,703010.0
1367,704585.0
1368,599237.0
1369,1094465.0
1370,452983.75
1371,1855160.0
1372,1056034.0
1373,1010940.0
1374,1307171.0
1375,688970.0
1376,1369830.0
1377,998175.0
1378,1664685.0
1379,323112.0
1380,587820.0
1381,1383595.0
1382,665610.0
1383,1560135.0
1384,1305970.0
1385,970650.0
1386,1049158.0
1387,1163015.55
1388,733375.0
1389,711095.0
1390,970716.0
1391,1634710.0
1392,2634839.92
1393,1239110.0
1394,1596585.0
1395,475027.5
1396,2096270.0
1397,1568090.0
1398,1741655.0
1399,841640.0
1400,747454.0
1401,657115.0
1402,1378855.0
1403,1393405.0
1404,659970.0
1405,1710800.0
1406,664622.5
1407,834650.0
1408,810923.0
1409,770065.0
1410,846525.0
1411,1037875.0
1412,783240.0
1413,1287905.0
1414,1269630.0
1415,1302265.0
1416,767165.0
1417,835985.0
1418,661551.0
1419,745665.0
1420,1727640.0
1421,1018460.0
1422,1166215.0
1423,1293033.88
1424,818702.0
1425,614060.0
1426,2543220.0
1427,461670.0
1428,412880.0
1429,654895.0
1430,473975.0
1431,1545570.0
1432,764667.5
1433,388335.0
1434,1035460.0
1435,693635.0
1436,898480.0
1437,980655.0
1438,1131460.0
1439,729545.0
1440,1166375.0
1441,438260.0
1442,916945.0
1443,1461160.0
1444,856120.0
1445,1496430.0
1446,1323391.0
1447,1485485.0
1448,558785.0
1449,528745.0
1450,1009620.0
1451,1350945.0
1452,972275.0
1453,1328243.88
1454,1135800.0
1455,569185.0
1456,702760.0
1457,802115.0
1458,1118443.0
1459,1225055.0
1460,825320.0
1461,884820.0
1462,1958540.0
1463,534030.0
1464,785306.6666666665
1465,897865.0
1466,672715.0
1467,1142655.0
1468,3061310.0
1469,878800.0
1470,1651918.88
1471,783010.0
1472,978170.0
1473,1576285.0
1474,1180390.0
1475,432350.0
1476,517040.0
1477,1168790.0
1478,303430.0
1479,1327775.0
1480,580680.0
1481,1524692.0
1482,734710.0
1483,1457770.0
1484,1622885.0
1485,771490.0
1486,922050.0
1487,599435.0
1488,2284390.0
1489,1248540.0
1490,559595.0
1491,1093110.0
1492,455730.0
1493,721130.0
1494,719680.0
1495,1098065.0
1496,1524170.0
1497,1062841.6666666665
1498,1345780.0
1499,366005.0
1500,1427818.0
1501,567660.0
1502,615118.3333333334
1503,717160.0
1504,2193910.0
1505,613010.0
1506,1491670.0
1507,2167860.0
1508,253770.0
1509,1080745.0
1510,420768.5
1511,1456775.0
1512,1126815.0
1513,1673091.0
1514,746160.0
1515,1456200.0
1516,722955.0
1517,687200.0
1518,1491400.0
1519,949380.0
1520,925825.0
1521,1923970.0
1522,754860.0
1523,818790.0
1524,884499.1
1525,367400.0
1526,392605.0
1527,886315.0
1528,615685.0
1529,1157325.0
1530,1820658.0
1531,926654.98
1532,617940.0
1533,816165.0
1534,613007.5
1535,993555.0
1536,1567401.6666666665
1537,2297965.0
1538,370350.0
1539,400411.0
1540,1064400.0
1541,673117.7
1542,643185.55
1543,874725.0
1544,1266600.0
1545,1107840.0
1546,1149625.0
1547,932320.0
1548,787490.0
1549,1416686.0
1550,743745.0
1551,1061155.0
1552,2898550.0
1553,1543730.0
1554,832895.0
1555,2007450.0
1556,610235.0
1557,670880.0
1558,1363218.76
1559,1831800.0
1560,1499045.0
1561,1641220.0
1562,952087.0
1563,1636700.0
1564,665544.0
1565,1495050.0
1566,732600.0
1567,1277405.0
1568,1789885.0
1569,1194057.76
1570,436255.0
1571,767015.02
1572,1159855.0
1573,952060.0
1574,619575.0
1575,656548.3333333334
1576,455766.66666666674
1577,2809073.88
1578,626207.5
1579,1931420.0
1580,1589610.0
1581,1334865.0
1582,801279.0
1583,1060250.0
1584,497885.0
1585,1817973.3333333335
1586,826130.0
1587,851825.0
1588,1279685.0
1589,1011945.0
1590,2727385.0
1591,1298970.0
1592,998635.04
1593,1624055.0
1594,1165950.0
1595,707265.0
1596,1050085.0
1597,952018.3333333333
1598,555200.0
1599,1222755.0
1600,3242195.0
1601,1720535.0
1602,1284115.0
1603,1688450.0
1604,2040460.0
1605,928025.0
1606,1200530.0
1607,2850291.666666667
1608,601950.0
1609,959425.0
1610,611203.0
1611,1339335.0
1612,1090730.0
1613,639006.0
1614,1709070.0
1615,582140.0
1616,342098.0
1617,952160.0
1618,655870.0
1619,622925.0
1620,1509890.0
1621,697215.0
1622,787500.0
1623,1872800.0
1624,542182.5
1625,1597370.0
1626,489735.0
1627,556055.0
1628,1108791.0
1629,1837935.0
1630,682810.0
1631,1092750.0
1632,604670.0
1633,604630.0
1634,1499640.0
1635,2007500.0
1636,897565.0
1637,1649575.0
1638,716785.0
1639,1285410.0
1640,1087375.0
1641,1216395.0
1642,1881690.0
1643,618555.0
1644,3109980.0
1645,680345.55
1646,1111225.1
1647,2352615.0
1648,1143190.0
1649,2043840.0
1650,593650.0
1651,1635015.0
1652,1025265.0
1653,622562.0
1654,477005.0
1655,1804170.0
1656,1114690.0
1657,1163655.0
1658,1211250.0
1659,395031.0
1660,945565.0
1661,1277490.0
1662,1268990.0
1663,3184680.0
1664,1807868.88
1665,518967.5
1666,752070.0
1667,2064830.0
1668,1562005.0
1669,1670595.0
1670,1389275.0
1671,1095665.0
1672,855825.0
1673,680190.0
1674,1828628.88
1675,1008815.0
1676,1048065.0
1677,807747.5
1678,950179.99
1679,3059256.666666667
1680,709400.0
1681,619440.0
1682,315595.0
1683,902505.0
1684,838260.0
1685,515960.0
1686,569290.0
1687,1242250.0
1688,3226860.0
1689,1200430.0
1690,1300405.0
1691,425292.5
1692,1221820.0
1693,1718390.0
1694,470495.0
1695,642795.0
1696,642514.0
1697,1060175.0
1698,2975811.666666667
1699,1094108.3333333333
1700,636455.0
1701,744365.0
1702,993445.0
1703,993825.01
1704,409490.0
1705,2014050.0
1706,1001810.0
1707,770831.6666666665
1708,1228785.0
1709,1007510.0
1710,476030.0
1711,1055400.0
1712,855793.3333333335
1713,404250.0
1714,1059645.0
1715,724672.0
1716,1306060.0
1717,454665.0
1718,1637935.0
1719,1095096.6666666665
1720,1088440.0
1721,492740.1
1722,1608942.0
1723,780787.98
1724,353165.0
1725,864680.0
1726,1137245.0
1727,832645.0
1728,713728.3333333335
1729,1061530.0
1730,948575.0
1731,745677.92
1732,2358900.0
1733,444049.0
1734,569370.0
1735,2416230.0
1736,481305.0
1737,1506465.0
1738,1031755.0
1739,990600.0
1740,649135.0
1741,2619650.0
1742,1642430.0
1743,702370.0
1744,916310.0
1745,855910.0
1746,1092420.04
1747,848792.5
1748,734005.0
1749,1093895.0
1750,976930.0
1751,849075.0
1752,703024.99
1753,424490.0
1754,1161895.0
1755,1604400.0
1756,1759105.0
1757,2044695.0
1758,1386625.0
1759,1449928.28
1760,1229527.4999999998
1761,493635.0
1762,1227550.0
1763,494596.1
1764,1559693.88
1765,876450.0
1766,776957.5
1767,746720.0
1768,497120.0
1769,1154200.0
1770,1027034.0
1771,374215.0
1772,690230.0
1773,806050.0
1774,1478764.0
1775,1774982.0
1776,1546700.0
1777,831935.0
1778,2887525.0
1779,1530630.0
1780,629011.0
1781,1791480.0
1782,518798.0
1783,980865.0
1784,1767330.0
1785,1357290.0
1786,1553005.0
1787,959660.0
1788,1780960.0
1789,858596.0
1790,564235.0
1791,840000.0
1792,572920.0
1793,928746.0
1794,942490.0
1795,952987.5
1796,1146470.0
1797,664735.0
1798,1113305.0
1799,1431215.88
1800,557130.0
1801,437130.0
1802,618770.0
1803,935697.5
1804,997945.0
1805,1074965.0
1806,729385.0
1807,532935.0
1808,536605.3333333334
1809,680975.0
1810,2109590.0
1811,1074665.0
1812,1086635.0
1813,781990.0
1814,581765.0
1815,452221.0
1816,962735.0
1817,907496.0
1818,861860.0
1819,846050.0
1820,640397.5
1821,1640226.0
1822,941276.0
1823,463265.0
1824,2129525.0
1825,1095655.0
1826,786725.0
1827,751503.0
1828,544875.0
1829,2549075.0
1830,924275.0
1831,1067860.0
1832,1439985.0
1833,750025.0
1834,2784520.0
1835,657475.0
1836,557026.0
1837,1916950.0
1838,637295.0
1839,760580.02
1840,1658822.76
1841,889640.0
1842,1655535.0
1843,832551.6666666665
1844,709958.0
1845,1230700.0
1846,2008015.0
1847,813102.0
1848,1090800.0
1849,645315.0
1850,1721623.0
1851,700625.85
1852,889565.0
1853,511890.0
1854,1208800.0
1855,1029533.0
1856,2037975.0
1857,897855.0
1858,1345355.0
1859,855495.0
1860,684323.5
1861,1901040.0
1862,1437260.0
1863,633875.0
1864,647395.0
1865,488038.5
1866,1306160.0
1867,1311860.0
1868,1269405.0
1869,1088060.0
1870,2257970.0
1871,567070.0
1872,1956525.0
1873,2076110.0
1874,2389960.0
1875,1523430.0
1876,894920.0
1877,921870.0
1878,1239315.0
1879,668508.3333333334
1880,2625922.68
1881,760245.0
1882,739975.0
1883,1553280.0
1884,1244795.0
1885,678845.0
1886,1408165.0
1887,571302.5
1888,1117193.3333333335
1889,892045.0
1890,1560296.0
1891,845355.0
1892,1022820.0
1893,1621070.0
1894,1352880.0
1895,2256240.0
1896,470510.0
1897,1345870.0
1898,1613560.0
1899,683342.0
1900,1890880.0
1901,584606.0
1902,1544330.0
1903,1296285.0
1904,439560.0
1905,863465.0
1906,1096775.0
1907,569530.0
1908,1656050.0
1909,391612.85714285716
1910,2693125.0
1911,920020.0
1912,540400.52
1913,2195610.0
1914,1158655.0
1915,900991.6666666665
1916,812395.0
1917,462700.0
1918,627023.0
1919,988492.76
1920,652688.3333333334
1921,1950355.0
1922,607315.0
1923,1249060.0
1924,896685.0
1925,3124140.0
1926,554143.28
1927,963113.3333333335
1928,2066390.0
1929,862306.6666666665
1930,1056950.0
1931,1372010.0
1932,1447665.01
1933,706955.0
1934,965020.0
1935,716265.0
1936,721431.95
1937,1296925.0
1938,619250.0
1939,712875.74
1940,1121280.0
1941,979551.0
1942,703918.3333333333
1943,1042495.0
1944,1204134.99
1945,416015.0
1946,664650.52
1947,965850.55
1948,3256370.0
1949,804030.0
1950,968600.0
1951,817375.0
1952,1616760.0
1953,693190.0
1954,3213530.0
1955,656605.0
1956,739270.0
1957,900765.0
1958,701395.0
1959,977458.0
1960,434227.5
1961,2190445.0
1962,1328680.0
1963,434420.0
1964,821645.0
1965,1724055.0
1966,1247330.0
1967,674800.0
1968,1161925.0
1969,587584.99
1970,1746540.0
1971,762795.85
1972,674770.0
1973,541138.4
1974,658795.0
1975,2017490.0
1976,2081925.0
1977,766205.0
1978,1205390.0
1979,956650.0
1980,1900030.0
1981,1279100.0
1982,978296.0
1983,1473645.0
1984,886000.0
1985,758430.0
1986,610870.0
1987,558055.0
1988,796050.0
1989,1277980.0
1990,408880.0
1991,677010.0
1992,1967130.0
1993,1051745.0
1994,348455.0
1995,1840355.0
1996,847300.0
1997,970345.0
1998,1069390.0
1999,1748325.0
2000,869805.0
2001,1714950.0
2002,518078.3333333334
2003,855620.0
2004,786485.0
2005,1288000.0
2006,2194130.0
2007,901660.0
2008,591040.0
2009,2984250.0
2010,1318380.0
2011,791742.5
2012,1486640.0
2013,973690.0
2014,651734.97
2015,1118850.0
2016,1141360.0
2017,2006447.0
2018,1294735.0
2019,750708.0
2020,1466346.0
2021,810712.5
2022,280342.5
2023,1988190.0
2024,858780.0
2025,1005560.0
2026,386364.5
2027,2238625.0
2028,418183.33333333326
2029,733260.0
2030,1010460.0
2031,701800.0
2032,1072050.0
2033,667056.0
2034,1080625.0
2035,2112565.0
2036,616810.0
2037,1546913.88
2038,635310.0
2039,819535.0
2040,2698795.0
2041,666920.0
2042,516420.0
2043,884976.6666666667
2044,1134655.0
2045,1325070.0
2046,1113325.0
2047,1165450.0
2048,2022460.0
2049,967497.0
2050,1246966.6666666665
2051,865500.0
2052,910670.0
2053,638600.0
2054,763497.14
2055,1189205.0
2056,1639535.0
2057,3222670.0
2058,670134.98
2059,899969.0
2060,993920.0
2061,639640.0
2062,1747275.0
2063,896690.0
2064,1758230.0
2065,742779.0
2066,1546240.0
2067,1068936.0
2068,1322470.0
2069,687014.0
2070,1264225.0
2071,1874365.0
2072,2405030.0
2073,2239580.0
2074,704240.0
2075,580825.0
2076,481223.0
2077,568955.0
2078,538075.0
2079,652232.0
2080,967560.5533333335
2081,1190495.0
2082,1503845.0
2083,420395.0
2084,511445.0
2085,739015.0
2086,833675.0
2087,811730.0
2088,806103.3333333333
2089,708968.0
2090,2415280.0
2091,736880.0
2092,447074.0
2093,491399.0
2094,1373880.0
2095,2767660.0
2096,1493974.4
2097,2204545.0
2098,2004840.0
2099,877087.5
2100,520516.0
2101,1995445.0
2102,1474476.0
2103,1409146.0
2104,2400560.0
2105,369990.0
2106,699480.0
2107,1280730.0
2108,1052280.0
2109,910410.0
2110,1025065.0
2111,900790.0
2112,1102364.99
2113,917231.0
2114,952965.0
2115,1103083.9266666668
2116,719982.5
2117,920370.0
2118,1380992.5
2119,1277400.0
2120,1543620.0
2121,338820.0
2122,1138175.0
2123,1090514.0
2124,859320.0
2125,1107805.0
2126,789585.0
2127,1378553.88
2128,1408275.0
2129,1188845.0
2130,740735.0
2131,666530.0
2132,2364460.0
2133,765050.0
2134,423230.05
2135,388481.66666666674
2136,844210.0
2137,468030.0
2138,1469525.0
2139,1168555.0
2140,856265.0
2141,3273730.0
2142,770365.0
2143,1044030.0
2144,1239985.0
2145,1052895.0
2146,1276125.0
2147,1022515.0
2148,727855.0
2149,639559.1666666667
2150,874527.0
2151,2748990.0
2152,1007985.0
2153,407125.0
2154,1284607.05
2155,393370.0
2156,1148710.0
2157,450798.33333333326
2158,295722.0
2159,2598310.0
2160,1255475.0
2161,550450.0
2162,551573.3333333333
2163,711555.0
2164,1428880.0
2165,1215600.0
2166,2227730.0
2167,582731.6666666666
2168,631643.3333333334
2169,1116655.0
2170,492835.0
2171,712644.0
2172,567350.0
2173,570475.0
2174,2921830.0
2175,1295110.0
2176,911850.0
2177,550655.0
2178,819585.0
2179,875280.0
2180,2352360.0
2181,831910.0
2182,2729234.0
2183,1208605.1
2184,1005310.0
2185,2088390.0
2186,1423800.0
2187,685150.0
2188,878935.0
2189,1274950.0
2190,1201095.0
2191,2718948.88
2192,1250535.0
2193,926270.0
2194,454667.5
2195,1716461.6666666665
2196,641018.5
2197,1500087.5
2198,1478500.0
2199,598205.0
2200,1489162.0
2201,743020.0
2202,781865.0
2203,1167830.0
2204,1639028.333333333
2205,577335.0
2206,1275250.0
2207,848353.34
2208,788575.0
2209,1087760.0
2210,2168660.0
2211,657550.0
2212,1224940.0
2213,511490.0
2214,626719.2
2215,911521.6666666667
2216,682903.3333333335
2217,1623278.0
2218,552260.0
2219,1424463.47
2220,834220.0
2221,1319205.0
2222,1425850.0
2223,1037340.0
2224,1069530.0
2225,978205.0
2226,1535075.0
2227,1265390.0
2228,1287850.0
2229,1654720.0
2230,854619.46
2231,818737.5
2232,1785492.76
2233,749970.0
2234,1369295.0
2235,635395.0
2236,2420350.0
2237,1125125.0
2238,2050291.0
2239,904805.0
2240,780020.0
2241,717505.0
2242,406627.5
2243,1022380.0
2244,338820.0
2245,440430.0
2246,1644378.0
2247,529755.0
2248,2177080.0
2249,928990.0
2250,662910.0
2251,593375.0
2252,739850.9
2253,1155670.0
2254,794180.0
2255,1613115.0
2256,1163945.0
2257,599762.5
2258,1002885.0
2259,1503920.0
2260,1072630.43
2261,1316060.0
2262,652415.0
2263,780685.0
2264,621935.0
2265,890810.0
2266,1799455.0
2267,951945.0
2268,1207115.0
2269,762895.0
2270,1524051.0
2271,981166.0
2272,509005.0
2273,802855.0
2274,693090.0
2275,1575677.76
2276,1740963.88
2277,690475.0
2278,2108725.0
2279,1179735.0
2280,1736435.0
2281,1087380.0
2282,817430.0
2283,498788.33333333326
2284,2154290.0
2285,530198.0
2286,350190.0
2287,1021851.0
2288,1234260.0
2289,824935.0
2290,2263260.0
2291,2229749.0
2292,1077735.0
2293,1851840.0
2294,1320210.0
2295,900330.0
2296,1679120.0
2297,756520.0
2298,1180528.0
2299,1608968.88
2300,1348240.0
2301,1082444.0
2302,1117475.0
2303,898193.3333333335
2304,1377204.0
2305,1318440.0
2306,1526377.0
2307,1182280.0
2308,915065.0
2309,1195335.0
2310,1151975.0
2311,1256360.0
2312,944925.0
2313,1205090.0
2314,888000.0
2315,1011655.0
2316,591040.0
2317,1922990.0
2318,789190.0
2319,782035.0
2320,618695.0
2321,1908700.0
2322,1289360.0
2323,807542.5
2324,1103690.0
2325,1606905.0
2326,1329080.0
2327,770775.0
2328,1532990.0
2329,859345.0
2330,1029080.0
2331,747880.0
2332,959065.0
2333,603155.0
2334,1283585.0
2335,1032560.0
2336,1467335.0
2337,687740.0
2338,1385555.88
2339,973735.0
2340,807040.0
2341,810920.0
2342,672090.0
2343,1876720.0
2344,1083220.0
2345,773860.0
2346,1913680.0
2347,1291360.0
2348,695255.0
2349,683690.0
2350,596115.0
2351,1172340.0
2352,750048.0
2353,1101970.0
2354,1250933.0
2355,1424966.0
2356,562533.5
2357,666835.08
2358,509297.5
2359,959715.0
2360,1968870.0
2361,517870.0
2362,1292500.0
2363,914145.0
2364,931070.0
2365,709070.0
2366,1228713.0
2367,365360.0
2368,877840.0
2369,1605410.0
2370,1394885.0
2371,1721390.7142857143
2372,599246.6666666666
2373,1006730.0
2374,805580.0
2375,1116475.0
2376,1158025.0
2377,911705.0
2378,2950210.0
2379,1663475.0
2380,380323.0
2381,1613255.0
2382,548890.0
2383,846980.0
2384,617740.0
2385,712130.0
2386,1330000.0
2387,1237280.0
2388,899660.0
2389,2503019.4
2390,1457750.0
2391,3337165.0
2392,845441.7
2393,384693.3333333334
2394,813300.0
2395,1074260.0
2396,820227.5
2397,381215.0
2398,788310.0
2399,348920.0
2400,1623200.0
2401,806110.0
2402,625255.0
2403,737501.0
2404,841345.0
2405,880510.0
2406,2371483.3333333335
2407,887055.0
2408,1322721.0
2409,689415.0
2410,1203330.0
2411,1221332.5
2412,391610.0
2413,760178.49
2414,990500.0
2415,1041750.0
2416,882995.0
2417,592385.0
2418,738830.0
2419,732160.0
2420,802231.0
2421,313660.8333333333
2422,2424720.0
2423,722350.0
2424,719420.0
2425,549270.0
2426,991250.0
2427,1004121.6666666667
2428,818100.74
2429,1283730.0
2430,1062055.0
2431,864920.0
2432,3722940.0
2433,638032.5
2434,829965.0
2435,484315.0
2436,442060.0
2437,1147820.0
2438,981425.99
2439,1028625.0
2440,1474598.0
2441,690848.0
2442,1621970.0
2443,916609.0
2444,675802.68
2445,1069370.0
2446,569460.0
2447,556116.6666666667
2448,533000.0
2449,1118105.8333333335
2450,1866970.0
2451,840710.0
2452,546130.0
2453,1310235.0
2454,823270.0
2455,1210298.0
2456,1330860.0
2457,1665490.0
2458,824470.0
2459,1120398.0
2460,872420.0
2461,2140820.0
2462,1182195.0
2463,457255.0
2464,2238748.28
2465,642740.0
2466,629560.0
2467,397420.0
2468,1838082.0
2469,1196059.99
2470,647365.0
2471,758295.0
2472,1287308.88
2473,893780.0
2474,1917678.0
2475,554022.76
2476,786955.0
2477,740665.0
2478,1917855.0
2479,1229785.0
2480,553150.0
2481,845305.68
2482,1040532.0
2483,827070.0
2484,452947.5
2485,617680.0
2486,1650565.0
2487,651460.0
2488,999880.0
2489,1282984.0
2490,554920.0
2491,828731.6666666667
2492,2401375.0
2493,638645.0
2494,584642.0
2495,698200.0
2496,1965321.0
2497,904732.0
2498,590235.0
2499,1165130.0
2500,1608710.0
2501,1015325.0
2502,1289620.0
2503,624930.0
2504,882050.0
2505,997040.0
2506,711545.0
2507,386595.0
2508,1835230.0
2509,1880882.76
2510,1341615.0
2511,717815.0
2512,1363580.0
2513,952720.0
2514,843455.0
2515,1098165.0
2516,1821140.0
2517,1613845.0
2518,1238330.0
2519,1503429.0
2520,419808.0
2521,980500.0
2522,1049080.0
2523,1603630.0
2524,575700.0
2525,1133868.3333333333
2526,594345.0
2527,1361515.0
2528,625290.0
2529,2919330.0
2530,1010830.0
2531,738465.0
2532,1249190.0
2533,2192004.0
2534,231170.0
2535,1320685.0
2536,346402.5
2537,684940.52
2538,1167295.0
2539,854772.5
2540,1236670.0
2541,1646266.666666667
2542,1245775.0
2543,938210.0
2544,775055.0
2545,1059970.0
2546,725327.5
2547,1999860.0
2548,648414.0
2549,919758.0
2550,616970.0
2551,1019275.0
2552,463423.5
2553,752074.0
2554,717045.0
2555,1245970.0
2556,554295.0
2557,1016025.0
2558,879385.0
2559,357990.0
2560,2010443.3333333335
2561,778071.7
2562,519550.0
2563,912070.0
2564,1420275.0
2565,1787550.0
2566,1272520.0
2567,682722.5
2568,800980.0
2569,607210.0
2570,1000545.0
2571,809374.0
2572,319080.0
2573,663745.0
2574,513740.0
2575,564426.0
2576,527875.0
2577,2520665.0
2578,817650.0
2579,1965225.0
2580,420768.5
2581,1315530.0
2582,493215.0
2583,1086790.0
2584,1886380.0
2585,558285.0
2586,843178.0
2587,711335.0
2588,597795.0
2589,995538.3333333333
2590,816509.0
2591,899440.0
2592,408627.5
2593,778295.0
2594,805170.0
2595,1458381.4
2596,1263740.0
2597,1098275.0
2598,601005.0
2599,1105495.0
2600,3004680.0
2601,794155.0
2602,1282485.0
2603,447833.0
2604,354590.0
2605,1755395.0
2606,939680.0
2607,822230.0
2608,2335350.0
2609,1566160.0
2610,1417778.0
2611,727319.0
2612,500735.0
2613,576451.6666666666
2614,1189220.0
2615,900405.0
2616,3780690.0
2617,964760.0
2618,2159378.88
2619,1174175.0
2620,479360.0
2621,1204700.0
2622,2324000.0
2623,1896555.0
2624,811626.93
2625,1498410.0
2626,686618.76
2627,410920.0
2628,1325740.0
2629,1648390.0
2630,851750.0
2631,831761.0
2632,695260.0
2633,836657.0
2634,434825.0
2635,1128532.0
2636,788655.0
2637,408750.0
2638,1121374.0
2639,1770875.0
2640,706252.0
2641,481223.0
2642,739355.0
2643,1163295.0
2644,2582590.0
2645,952255.0
2646,578257.5
2647,667620.8
2648,2580125.52
2649,1974807.76
2650,613330.0
2651,1063590.0
2652,711140.0
2653,1491130.0
2654,1243500.0
2655,2623515.0
2656,1870970.0
2657,702405.0
2658,475675.0
2659,922200.0
2660,420762.0
2661,1539505.0
2662,795380.0
2663,1188675.0
2664,700680.0
2665,1657400.0
2666,2122221.0
2667,733720.0
2668,462850.0
2669,1222750.0
2670,1523995.0
2671,690355.0
2672,891659.0
2673,1631910.0
2674,764351.8
2675,740830.0
2676,907343.3333333335
2677,1134490.0
2678,456731.6666666666
2679,1506775.0
2680,2785140.0
2681,3586010.0
2682,708036.0
2683,959440.0
2684,627210.0
2685,2099730.0
2686,559150.0
2687,1207591.6666666667
2688,1203275.0
2689,1142060.0
2690,1074560.0
2691,785471.0
2692,935765.0
2693,1216255.0
2694,978262.0
2695,618514.7
2696,1508880.0
2697,917670.0
2698,599655.0
2699,554460.0
2700,858615.0
2701,823045.0
2702,1040535.0
2703,1149590.0
2704,971489.99
2705,553635.0
2706,972650.0
2707,1236405.0
2708,939630.0
2709,1226405.0
2710,386927.5
2711,997920.0
2712,929246.88
2713,629105.0
2714,645965.0
2715,1320460.0
